-- MySQL dump 10.16  Distrib 10.1.48-MariaDB, for debian-linux-gnu (x86_64)
--
-- Host: localhost    Database: db
-- ------------------------------------------------------
-- Server version	10.1.48-MariaDB-0+deb9u2

/*!40101 SET @OLD_CHARACTER_SET_CLIENT=@@CHARACTER_SET_CLIENT */;
/*!40101 SET @OLD_CHARACTER_SET_RESULTS=@@CHARACTER_SET_RESULTS */;
/*!40101 SET @OLD_COLLATION_CONNECTION=@@COLLATION_CONNECTION */;
/*!40101 SET NAMES utf8mb4 */;
/*!40103 SET @OLD_TIME_ZONE=@@TIME_ZONE */;
/*!40103 SET TIME_ZONE='+00:00' */;
/*!40014 SET @OLD_UNIQUE_CHECKS=@@UNIQUE_CHECKS, UNIQUE_CHECKS=0 */;
/*!40014 SET @OLD_FOREIGN_KEY_CHECKS=@@FOREIGN_KEY_CHECKS, FOREIGN_KEY_CHECKS=0 */;
/*!40101 SET @OLD_SQL_MODE=@@SQL_MODE, SQL_MODE='NO_AUTO_VALUE_ON_ZERO' */;
/*!40111 SET @OLD_SQL_NOTES=@@SQL_NOTES, SQL_NOTES=0 */;

--
-- Table structure for table `dbo.Customers`
--

DROP TABLE IF EXISTS `dbo.Customers`;
/*!40101 SET @saved_cs_client     = @@character_set_client */;
/*!40101 SET character_set_client = utf8 */;
CREATE TABLE `dbo.Customers` (
  `CustomerID` tinyint(4) DEFAULT NULL,
  `CustomerName` varchar(30) DEFAULT NULL,
  `Phone` varchar(12) DEFAULT NULL,
  `Address` varchar(23) DEFAULT NULL,
  `City` varchar(14) DEFAULT NULL,
  `State` varchar(2) DEFAULT NULL,
  `Zip` mediumint(9) DEFAULT NULL,
  `Country` varchar(13) DEFAULT NULL,
  `Notes` varchar(116) DEFAULT NULL
) ENGINE=InnoDB DEFAULT CHARSET=utf8mb4;
/*!40101 SET character_set_client = @saved_cs_client */;

--
-- Dumping data for table `dbo.Customers`
--

LOCK TABLES `dbo.Customers` WRITE;
/*!40000 ALTER TABLE `dbo.Customers` DISABLE KEYS */;
INSERT INTO `dbo.Customers` VALUES (1,'Tres Delicious','999-999-9999','123 Main Street','Seattle','WA',98112,'United States','High maintenance, not sure if it\'s worth having them as a customer, but don\'t tell them that!'),(2,'ABC Groceries','801-583-8695','3215 Tori Lane','Salt Lake City','UT',84113,'United States','Friendly but a little old school. Talks way too much, set a time limit on calls.'),(3,'ACME Bites','920-419-6270','4660 Sycamore Lake Road','Green Bay','WI',54303,'United States','One of our best customers! Likes to talk about roses. Make sure to read all about roses on Wikipedia before meeting.'),(4,'Wholesome Foods','347-789-7688','1521 Redbud Drive','Huntington','NY',11743,'United States','CEO has three kids, first one is Charles, don\'t know the rest. CEO cares about Charles the most, so all good.'),(5,'Park & Shop Convenience Stores','251-655-2909','2217 Lonely Oak Drive','Mobile','AL',36602,'United States','New customer, make sure to please them! Very frugal, so reinforce how delicious AND inexpensive our cookies are.'),(6,'Tres Delicious','999-999-9999','12 Cité Dupetit-Thouars','Paris','',75003,'France','East Coast HQ.');
/*!40000 ALTER TABLE `dbo.Customers` ENABLE KEYS */;
UNLOCK TABLES;

--
-- Table structure for table `dbo.Order_Product`
--

DROP TABLE IF EXISTS `dbo.Order_Product`;
/*!40101 SET @saved_cs_client     = @@character_set_client */;
/*!40101 SET character_set_client = utf8 */;
CREATE TABLE `dbo.Order_Product` (
  `OrderID` tinyint(4) DEFAULT NULL,
  `CookieID` tinyint(4) DEFAULT NULL,
  `Quantity` smallint(6) DEFAULT NULL
) ENGINE=InnoDB DEFAULT CHARSET=utf8mb4;
/*!40101 SET character_set_client = @saved_cs_client */;

--
-- Dumping data for table `dbo.Order_Product`
--

LOCK TABLES `dbo.Order_Product` WRITE;
/*!40000 ALTER TABLE `dbo.Order_Product` DISABLE KEYS */;
INSERT INTO `dbo.Order_Product` VALUES (1,1,229),(1,2,160),(1,3,84),(1,5,30),(2,4,49),(2,6,128),(3,1,82),(3,2,170),(3,3,202),(3,5,180),(3,6,18),(4,2,209),(4,3,25),(4,4,82),(4,5,25),(5,1,46),(5,5,11),(5,6,51),(6,1,214),(6,3,24),(6,6,66),(7,2,210),(8,2,114),(8,3,36),(8,4,186),(8,5,106),(8,6,178),(9,1,119),(9,2,226),(9,3,153),(9,4,99),(10,2,39),(11,2,53),(11,4,235),(11,6,65),(12,1,171),(12,2,234),(12,5,197),(13,1,201),(13,2,193),(13,3,239),(13,4,225),(14,2,227),(14,3,78),(14,6,26),(15,1,61),(15,2,99),(15,3,109),(15,5,48),(16,4,56),(16,6,129),(17,3,63),(17,5,199),(18,3,183),(19,6,235),(20,1,244),(20,3,147),(21,2,74),(22,2,141),(22,3,176),(22,5,241),(23,1,132),(23,4,27),(23,6,168),(24,2,179),(24,5,122),(24,6,214),(25,2,239),(25,3,42),(25,4,166),(26,2,171),(27,1,179),(27,6,66),(28,4,134),(28,5,172),(28,6,168),(29,2,79),(29,3,96),(29,4,80),(29,5,94),(29,6,17),(30,1,169),(30,4,204),(30,5,152),(31,1,151),(31,3,229),(32,1,93),(32,3,128),(32,4,122),(32,6,209),(33,3,103),(33,5,202),(33,6,173),(34,1,200),(34,2,196),(35,3,34),(35,4,164),(35,5,113),(36,1,116),(36,4,127),(36,5,101),(37,1,136),(37,5,245),(38,1,137),(39,4,14),(39,6,173),(40,3,87),(40,4,13),(41,1,48),(42,2,123),(42,4,217),(42,5,120),(43,1,209),(43,3,125),(43,4,18),(43,5,220),(43,6,186),(44,2,155),(44,4,20),(44,5,239),(45,4,168),(45,5,224),(45,6,144),(46,2,177),(46,4,66),(46,5,69),(47,4,132),(47,6,45),(48,3,131),(49,4,147),(50,6,30);
/*!40000 ALTER TABLE `dbo.Order_Product` ENABLE KEYS */;
UNLOCK TABLES;

--
-- Table structure for table `dbo.Orders`
--

DROP TABLE IF EXISTS `dbo.Orders`;
/*!40101 SET @saved_cs_client     = @@character_set_client */;
/*!40101 SET character_set_client = utf8 */;
CREATE TABLE `dbo.Orders` (
  `OrderID` tinyint(4) DEFAULT NULL,
  `OrderDate` varchar(10) DEFAULT NULL,
  `CustomerID` tinyint(4) DEFAULT NULL,
  `OrderTotal` decimal(8,4) DEFAULT NULL
) ENGINE=InnoDB DEFAULT CHARSET=utf8mb4;
/*!40101 SET character_set_client = @saved_cs_client */;

--
-- Dumping data for table `dbo.Orders`
--

LOCK TABLES `dbo.Orders` WRITE;
/*!40000 ALTER TABLE `dbo.Orders` DISABLE KEYS */;
INSERT INTO `dbo.Orders` VALUES (1,'2022-01-01',5,1815.0000),(2,'2022-01-02',5,964.0000),(3,'2022-01-04',2,2238.0000),(4,'2022-01-06',1,737.0000),(5,'2022-01-09',4,569.0000),(6,'2022-01-09',4,1586.0000),(7,'2022-01-09',4,210.0000),(8,'2022-01-11',5,2424.0000),(9,'2022-01-13',2,1982.0000),(10,'2022-01-13',4,39.0000),(11,'2022-01-15',5,1383.0000),(12,'2022-01-19',1,1680.0000),(13,'2022-01-20',3,3293.0000),(14,'2022-01-21',1,773.0000),(15,'2022-01-21',3,1093.0000),(16,'2022-01-21',2,998.0000),(17,'2022-01-23',3,912.0000),(18,'2022-01-24',4,915.0000),(19,'2022-01-27',2,1410.0000),(20,'2022-02-01',2,1955.0000),(21,'2022-02-05',5,74.0000),(22,'2022-02-05',4,1744.0000),(23,'2022-02-06',2,1776.0000),(24,'2022-02-06',3,1829.0000),(25,'2022-02-07',4,1113.0000),(26,'2022-02-08',3,171.0000),(27,'2022-02-09',3,1291.0000),(28,'2022-02-11',4,2060.0000),(29,'2022-02-11',5,1263.0000),(30,'2022-02-12',1,2117.0000),(31,'2022-02-13',2,1900.0000),(32,'2022-02-16',5,2847.0000),(33,'2022-02-17',3,2159.0000),(34,'2022-02-18',2,1196.0000),(35,'2022-02-21',5,1165.0000),(36,'2022-02-25',4,1391.0000),(37,'2022-02-25',2,1415.0000),(38,'2022-02-26',1,685.0000),(39,'2022-02-26',5,1094.0000),(40,'2022-02-28',1,487.0000),(41,'2022-02-28',5,240.0000),(42,'2022-03-07',1,1351.0000),(43,'2022-03-07',5,3518.0000),(44,'2022-03-07',3,952.0000),(45,'2022-03-08',3,2208.0000),(46,'2022-03-09',5,648.0000),(47,'2022-03-10',3,798.0000),(48,'2022-03-12',4,655.0000),(49,'2022-03-13',1,588.0000),(50,'2022-03-14',4,180.0000);
/*!40000 ALTER TABLE `dbo.Orders` ENABLE KEYS */;
UNLOCK TABLES;

--
-- Table structure for table `dbo.Product`
--

DROP TABLE IF EXISTS `dbo.Product`;
/*!40101 SET @saved_cs_client     = @@character_set_client */;
/*!40101 SET character_set_client = utf8 */;
CREATE TABLE `dbo.Product` (
  `CookieID` tinyint(4) DEFAULT NULL,
  `CookieName` varchar(30) DEFAULT NULL,
  `RevenuePerCookie` decimal(5,4) DEFAULT NULL,
  `CostPerCookie` decimal(5,4) DEFAULT NULL
) ENGINE=InnoDB DEFAULT CHARSET=utf8mb4;
/*!40101 SET character_set_client = @saved_cs_client */;

--
-- Dumping data for table `dbo.Product`
--

LOCK TABLES `dbo.Product` WRITE;
/*!40000 ALTER TABLE `dbo.Product` DISABLE KEYS */;
INSERT INTO `dbo.Product` VALUES (1,'Chocolate Chip ',5.0000,2.0000),(2,'Fortune Cookie ',1.0000,0.5000),(3,'Oatmeal Raisin ',5.0000,2.2000),(4,'Snickerdoodle ',4.0000,1.5000),(5,'Sugar ',3.0000,1.2500),(6,'White Chocolate Macadamia Nut ',6.0000,2.7500);
/*!40000 ALTER TABLE `dbo.Product` ENABLE KEYS */;
UNLOCK TABLES;

--
-- Table structure for table `dbo.sysdiagrams`
--

DROP TABLE IF EXISTS `dbo.sysdiagrams`;
/*!40101 SET @saved_cs_client     = @@character_set_client */;
/*!40101 SET character_set_client = utf8 */;
CREATE TABLE `dbo.sysdiagrams` (
  `name` varchar(7) DEFAULT NULL,
  `principal_id` tinyint(4) DEFAULT NULL,
  `diagram_id` tinyint(4) DEFAULT NULL,
  `version` tinyint(4) DEFAULT NULL,
  `definition` text
) ENGINE=InnoDB DEFAULT CHARSET=utf8mb4;
/*!40101 SET character_set_client = @saved_cs_client */;

--
-- Dumping data for table `dbo.sysdiagrams`
--

LOCK TABLES `dbo.sysdiagrams` WRITE;
/*!40000 ALTER TABLE `dbo.sysdiagrams` DISABLE KEYS */;
INSERT INTO `dbo.sysdiagrams` VALUES ('Diagram',1,3,1,'D0CF11E0A1B11AE1000000000000000000000000000000003E000300FEFF0900060000000000000000000000010000000100000000000000001000002400000001000000FEFFFFFF0000000000000000FFFFFFFFFFFFFFFFFFFFFFFFFFFFFFFFFFFFFFFFFFFFFFFFFFFFFFFFFFFFFFFFFFFFFFFFFFFFFFFFFFFFFFFFFFFFFFFFFFFFFFFFFFFFFFFFFFFFFFFFFFFFFFFFFFFFFFFFFFFFFFFFFFFFFFFFFFFFFFFFFFFFFFFFFFFFFFFFFFFFFFFFFFFFFFFFFFFFFFFFFFFFFFFFFFFFFFFFFFFFFFFFFFFFFFFFFFFFFFFFFFFFFFFFFFFFFFFFFFFFFFFFFFFFFFFFFFFFFFFFFFFFFFFFFFFFFFFFFFFFFFFFFFFFFFFFFFFFFFFFFFFFFFFFFFFFFFFFFFFFFFFFFFFFFFFFFFFFFFFFFFFFFFFFFFFFFFFFFFFFFFFFFFFFFFFFFFFFFFFFFFFFFFFFFFFFFFFFFFFFFFFFFFFFFFFFFFFFFFFFFFFFFFFFFFFFFFFFFFFFFFFFFFFFFFFFFFFFFFFFFFFFFFFFFFFFFFFFFFFFFFFFFFFFFFFFFFFFFFFFFFFFFFFFFFFFFFFFFFFFFFFFFFFFFFFFFFFFFFFFFFFFFFFFFFFFFFFFFFFFFFFFFFFFFFFFFFFFFFFFFFFFFFFFFFFFFFFFFFFFFFFFFFFFFFFFFFFFFFFFFFFFFFFFFFFFFFFFFFFFFFFFFFFFFFFFFFFFFFFFFFFFFFFFFFFFFFFFFFFFFFFFFFFFFFFFFFFFFFFFFFFFFFFFFFFFFFFFFFFFFFFFFFFFFFFFFFFFFFFFFFFFFFFFFFFFFFFFFFFFFFFFFFFFFFFFFFFFFFFFFFFFFFFFFFFFFFFFFFFFFFFFFFFFFFFFFFFFFFFFFFFFFFFFFFFFFFFFFFFFFFFFFDFFFFFF27000000030000000400000005000000060000000700000008000000090000000A0000000B0000000C0000000D0000000E0000000F000000100000001100000012000000130000001400000015000000160000001700000018000000190000001A0000001B0000001C0000001D0000001E0000001F00000020000000210000002200000023000000FEFFFFFFFEFFFFFF26000000FEFFFFFFFEFFFFFFFFFFFFFFFFFFFFFFFFFFFFFFFFFFFFFFFFFFFFFFFFFFFFFFFFFFFFFFFFFFFFFFFFFFFFFFFFFFFFFFFFFFFFFFFFFFFFFFFFFFFFFFFFFFFFFFFFFFFFFFFFFFFFFFFFFFFFFFFFFFFFFFFFFFFFFFFFFFFFFFFFFFFFFFFFFFFFFFFFFFFFFFFFFFFFFFFFFFFFFFFFFFFFFFFFFFFFFFFFFFFFFFFFFFFFFFFFFFFFFFFFFFFFFFFFFFFFFFFFFFFFFFFFFFFFFFFFFFFFFFFFFFFFFFFFFFFFFFFFFFFFFFFFFFFFFFFFFFFFFFFFFFFFFFFFFFFFFFFFFFFFFFFFFFFFFFFFFFFFFFFFFFFFFFFFFFFFFFFFFFFFFFFFFFFFFFFFFFFFFFFFFFFFFFFFFFFFFFFFFFFFFFFFFFFFFFFFFFFFFFFFFFFFFFFFFFFFFFFFFFFFFFFFFFFFFFFFFFFFFFFFFFFFFFFFFFFFFFFFFFFFFFFFFFFFFFFFFFFFFFFFFFFFFFFFFFFFFFFFFFFFFFFFFFFFFFFFFFFFFFFFFFFFFFFFFFFFFFFFFFFFFFFFFFFFFFFFFFFFFFFFFFFFFFFFFFFFFFFFFFFFFFFFFFFFFFFFFFFFFFFFFFFFFFFFFFFFFFFFFFFFFFFFFFFFFFFFFFFFFFFFFFFFFFFFFFFFFFFFFFFFFF52006F006F007400200045006E00740072007900000000000000000000000000000000000000000000000000000000000000000000000000000000000000000016000500FFFFFFFFFFFFFFFF020000000000000000000000000000000000000000000000000000000000000050E8E6ABE83AD80125000000C00300000000000044006400730058004D004C00530074007200650061006D00000000000000000000000000000000000000000000000000000000000000000000000000000000001A000201FFFFFFFFFFFFFFFFFFFFFFFF00000000000000000000000000000000000000000000000000000000000000000000000002000000964200000000000053006300680065006D00610020005500440056002000440065006600610075006C00740000000000000000000000000000000000000000000000000000000000260002010100000003000000FFFFFFFF000000000000000000000000000000000000000000000000000000000000000000000000000000001600000000000000440053005200450046002D0053004300480045004D0041002D0043004F004E00540045004E0054005300000000000000000000000000000000000000000000002C000201FFFFFFFF04000000FFFFFFFF000000000000000000000000000000000000000000000000000000000000000000000000010000001C030000000000003C6464733E3C6469616772616D20666F6E74636C7369643D227B37374432433932442D373737392D313144382D393037302D3030303635423834304439437D22206D6F75736569636F6E636C7369643D227B30424533353230342D384639312D313143452D394445332D3030414130303442423835317D222064656661756C746C61796F75743D224D534444532E52656374696C696E656172222064656661756C746C696E65726F7574653D224D534444532E52656374696C696E656172222076657273696F6E3D223722206E6578746F626A6563743D22313322207363616C653D22313030222070616765627265616B616E63686F72783D2230222070616765627265616B616E63686F72793D2230222070616765627265616B73697A65783D2230222070616765627265616B73697A65793D223022207363726F6C6C6C6566743D223022207363726F6C6C746F703D2230222067726964783D22313530222067726964793D2231353022206D617267696E783D223530303022206D617267696E793D223530303022207A6F6F6D3D223130302220783D2233333733342220793D22333235393722206261636B636F6C6F723D222D32313437343833363433222064656661756C7470657273697374656E63653D223322205072696E74506167654E756D626572734D6F64653D223322205072696E744D617267696E546F703D223022205072696E744D617267696E426F74746F6D3D2236333522205072696E744D617267696E4C6566743D223022205072696E744D617267696E52696768743D223022206D61727175656573656C656374696F6E6D6F64653D223122206D6F757365706F696E7465723D22302220736E6170746F677269643D223122206175746F74797065616E6E6F746174696F6E3D2231222073686F777363726F6C6C626172733D223122207669657770616765627265616B733D22302220646F6E6F74666F726365636F6E6E6563746F7273626568696E647368617065733D2231223E3C666F6E743E3C646473786D6C6F626A65637473747265616D777261707065722062696E6172793D22303030303038303033303030303030303030303230303030222F3E3C2F666F6E743E3C6D6F75736569636F6E3E3C646473786D6C6F626A65637473747265616D777261707065722062696E6172793D2236633734303030303030303030303030222F3E3C2F6D6F75736569636F6E3E3C2F6469616772616D3E3C6C61796F75746D616E616765723E3C646473786D6C6F626A3E3C70726F7065727479206E616D653D227363685F6C6162656C735F76697369626C65222076616C75653D22302220766172747970653D223131222F3E3C2F646473786D6C6F626A3E3C2F6C61796F75746D616E616765723E3C646473636F6E74726F6C20636F6E74726F6C70726F6769643D227B36323341433037352D324337372D343837332D383833442D3933304234333634423442437D2220746F6F6C7469703D22437573746F6D65727322206C6566743D22313035302220746F703D223138303022206C6F676963616C69643D22312220636F6E74726F6C69643D223122206D617374657269643D2230222068696E74313D2230222068696E74323D2230222077696474683D223537363822206865696768743D223639303622206E6F726573697A653D223022206E6F6D6F76653D223022206E6F64656661756C74617474616368706F696E74733D223022206175746F647261673D2230222075736564656661756C7469646473686170653D2230222073656C65637461626C653D2231222073686F7773656C656374696F6E68616E646C65733D22302220616C6C6F776E756467696E673D223122206973616E6E6F746174696F6E3D22302220646F6E746175746F6C61796F75743D2230222067726F7570636F6C6C61707365643D2230222074616273746F703D2231222076697369626C653D22312220736E6170746F677269643D2231223E3C636F6E74726F6C3E3C646473786D6C6F626A65637473747265616D696E6974777261707065722062696E6172793D223231343333343132303830303030303038383136303030306661316130303030373835363334313230373030303030303134303130303030343330303735303037333030373430303666303036643030363530303732303037333030303030306338356437643235303030303030303061303966363930373030303030303030303130303030303033633031303030303030303030323030303030303030303038303030303030303030303030303030303530303230303030303430303030303334303030303030303030303030303032343030303030303031303031613030313830303030303031343030303030303035303030303030303930343030303036356333303030303030303030303030383330653030303030303030303030303030303030303030303030303030303030353030323030303030343030303030333430303030303030303030303030303234303030303030303130303161303031383030303030303134303030303030303430303030303030393034303030303635633330303030303030303030303038343065303030303030303030303030303030303030303030303030303030303463303030303030303130323037303032383030303030306563316330303030613031623030303030323030323030303030343030303030623130303030303030303030303030306533323335386439626332613265343538393063613866323734623130303030303030303030303030303030303030303031303030303030303530303030303035343030303030303263303030303030326330303030303032633030303030303334303030303030303030303030303030303030303030303232323930303030376431653030303030303030303030303264303130303030306230303030303030633030303030303037303030303030316330313030303030363039303030303632303730303030343830333030303031613034303030306466303230303030656330343030303032373036303030306231303330303030323730363030303063623037303030303535303530303030303030303030303030313030303030303838313630303030666131613030303030303030303030303039303030303030303930303030303030323030303030303032303030303030316330313030303066353061303030303030303030303030303130303030303033393133303030303761303530303030303030303030303030313030303030303031303030303030303230303030303030323030303030303163303130303030303630393030303030313030303030303030303030303030333931333030303033343033303030303030303030303030303030303030303030303030303030303032303030303030303230303030303031633031303030303036303930303030303030303030303030303030303030306431333130303030303932333030303030303030303030303030303030303030306430303030303030343030303030303034303030303030316330313030303030363039303030306161306130303030393030363030303037383536333431323034303030303030356330303030303030313030303030303031303030303030306230303030303030303030303030303031303030303030303230303030303030333030303030303034303030303030303530303030303030363030303030303037303030303030303830303030303030393030303030303061303030303030303430303030303036343030363230303666303030303030306130303030303034333030373530303733303037343030366630303664303036353030373230303733303030303030222F3E3C2F636F6E74726F6C3E3C6C61796F75746F626A6563743E3C646473786D6C6F626A3E3C70726F7065727479206E616D653D224163746976655461626C65566965774D6F6465222076616C75653D22312220766172747970653D2238222F3E3C70726F7065727479206E616D653D225461626C65566965774D6F64653A30222076616C75653D22342C302C3238342C302C323331302C312C313839302C352C313236302220766172747970653D2238222F3E3C70726F7065727479206E616D653D225461626C65566965774D6F64653A31222076616C75653D22322C302C3238342C302C323830352220766172747970653D2238222F3E3C70726F7065727479206E616D653D225461626C65566965774D6F64653A32222076616C75653D22322C302C3238342C302C323331302220766172747970653D2238222F3E3C70726F7065727479206E616D653D225461626C65566965774D6F64653A33222076616C75653D22322C302C3238342C302C323331302220766172747970653D2238222F3E3C70726F7065727479206E616D653D225461626C65566965774D6F64653A34222076616C75653D22342C302C3238342C302C323331302C31322C323733302C31312C313638302220766172747970653D2238222F3E3C2F646473786D6C6F626A3E3C2F6C61796F75746F626A6563743E3C73686170652067726F7570736861706569643D2230222067726F75706E6F64653D2230222F3E3C2F646473636F6E74726F6C3E3C646473636F6E74726F6C20636F6E74726F6C70726F6769643D227B36323341433037352D324337372D343837332D383833442D3933304234333634423442437D2220746F6F6C7469703D224F726465725F50726F6475637422206C6566743D2231383930302220746F703D223532353022206C6F676963616C69643D22322220636F6E74726F6C69643D223222206D617374657269643D2230222068696E74313D2230222068696E74323D2230222077696474683D223537363822206865696768743D223330393622206E6F726573697A653D223022206E6F6D6F76653D223022206E6F64656661756C74617474616368706F696E74733D223022206175746F647261673D2230222075736564656661756C7469646473686170653D2230222073656C65637461626C653D2231222073686F7773656C656374696F6E68616E646C65733D22302220616C6C6F776E756467696E673D223122206973616E6E6F746174696F6E3D22302220646F6E746175746F6C61796F75743D2230222067726F7570636F6C6C61707365643D2230222074616273746F703D2231222076697369626C653D22312220736E6170746F677269643D2231223E3C636F6E74726F6C3E3C646473786D6C6F626A65637473747265616D696E6974777261707065722062696E6172793D22323134333334313230383030303030303838313630303030313830633030303037383536333431323037303030303030313430313030303034663030373230303634303036353030373230303566303035303030373230303666303036343030373530303633303037343030303030303130396636393037303030303030303030313030303030303364303130303030303030303032303030303030303030306130303030303030303030303030303030353030323030303030343030303030333030303030303030303030303030303230303030303030303130303064303030343030303030303462303030303030303430303030303030303030303030303034303030303030303030303030303030353030323030303030343030303030363430303030303030303030303030303534303030303030303130323061303032383030303030303030303030303030303030303030303030303030303030303030303030303030303030303030303030303030303030303030303030303030303030303030303030303030303030303030303030303030303430303030303030313030303030303034303030303030346230303030303030313030303030303030303462663933303130303030303030303864626539333030303030303030303030303030303030303030303030303030303030303030303030303030303030303030303030303030303030303030303030303030303030303030303030303030303030303030303130303030303030353030303030303534303030303030326330303030303032633030303030303263303030303030333430303030303030303030303030303030303030303030323232393030303036353135303030303030303030303030326430313030303030373030303030303063303030303030303730303030303031633031303030303036303930303030363230373030303034383033303030303161303430303030646630323030303065633034303030303237303630303030623130333030303032373036303030306362303730303030353530353030303030303030303030303031303030303030383831363030303031383063303030303030303030303030303330303030303030333030303030303032303030303030303230303030303031633031303030306635306130303030303030303030303030313030303030303339313330303030633030373030303030303030303030303032303030303030303230303030303030323030303030303032303030303030316330313030303030363039303030303031303030303030303030303030303033393133303030303334303330303030303030303030303030303030303030303030303030303030303230303030303030323030303030303163303130303030303630393030303030303030303030303030303030303030643133313030303030393233303030303030303030303030303030303030303030643030303030303034303030303030303430303030303031633031303030303036303930303030616130613030303039303036303030303738353633343132303430303030303036343030303030303031303030303030303130303030303030623030303030303030303030303030303130303030303030323030303030303033303030303030303430303030303030353030303030303036303030303030303730303030303030383030303030303039303030303030306130303030303030343030303030303634303036323030366630303030303030653030303030303466303037323030363430303635303037323030356630303530303037323030366630303634303037353030363330303734303030303030222F3E3C2F636F6E74726F6C3E3C6C61796F75746F626A6563743E3C646473786D6C6F626A3E3C70726F7065727479206E616D653D224163746976655461626C65566965774D6F6465222076616C75653D22312220766172747970653D2238222F3E3C70726F7065727479206E616D653D225461626C65566965774D6F64653A30222076616C75653D22342C302C3238342C302C323331302C312C313839302C352C313236302220766172747970653D2238222F3E3C70726F7065727479206E616D653D225461626C65566965774D6F64653A31222076616C75653D22322C302C3238342C302C323830352220766172747970653D2238222F3E3C70726F7065727479206E616D653D225461626C65566965774D6F64653A32222076616C75653D22322C302C3238342C302C323331302220766172747970653D2238222F3E3C70726F7065727479206E616D653D225461626C65566965774D6F64653A33222076616C75653D22322C302C3238342C302C323331302220766172747970653D2238222F3E3C70726F7065727479206E616D653D225461626C65566965774D6F64653A34222076616C75653D22342C302C3238342C302C323331302C31322C323733302C31312C313638302220766172747970653D2238222F3E3C2F646473786D6C6F626A3E3C2F6C61796F75746F626A6563743E3C73686170652067726F7570736861706569643D2230222067726F75706E6F64653D2230222F3E3C2F646473636F6E74726F6C3E3C646473636F6E74726F6C20636F6E74726F6C70726F6769643D227B36323341433037352D324337372D343837332D383833442D3933304234333634423442437D2220746F6F6C7469703D224F726465727322206C6566743D22393630302220746F703D223133353022206C6F676963616C69643D22332220636F6E74726F6C69643D223322206D617374657269643D2230222068696E74313D2230222068696E74323D2230222077696474683D223537363822206865696768743D223337333122206E6F726573697A653D223022206E6F6D6F76653D223022206E6F64656661756C74617474616368706F696E74733D223022206175746F647261673D2230222075736564656661756C7469646473686170653D2230222073656C65637461626C653D2231222073686F7773656C656374696F6E68616E646C65733D22302220616C6C6F776E756467696E673D223122206973616E6E6F746174696F6E3D22302220646F6E746175746F6C61796F75743D2230222067726F7570636F6C6C61707365643D2230222074616273746F703D2231222076697369626C653D22312220736E6170746F677269643D2231223E3C636F6E74726F6C3E3C646473786D6C6F626A65637473747265616D696E6974777261707065722062696E6172793D223231343333343132303830303030303038383136303030303933306530303030373835363334313230373030303030303134303130303030346630303732303036343030363530303732303037333030303030303030303030303030303030303863633533623030303030303030303065303435626532353030303030303030303030303030303030303030303030303138393962623235303030303030303031303030303030303030303030303030303062303437373030303130303030303130303030303030303030303030303032636236343737303032303030303030303030303030303030303030303030303030303030643030303030303030303066666666666666663030303030303030343330303361303035633030353030303732303036663030363730303732303036313030366430303230303034363030363930303663303036353030373330303230303032383030373830303338303033363030323930303563303034643030363930303633303037323030366630303733303036663030363630303734303032303030353330303531303034633030323030303533303036353030373230303736303036353030373230303230303034643030363130303665303036313030363730303635303036643030363530303665303037343030323030303533303037343030373530303634303036393030366630303230303033313030333830303563303030303030303030303030303030303030303030303031303030303030303530303030303035343030303030303263303030303030326330303030303032633030303030303334303030303030303030303030303030303030303030303232323930303030363531353030303030303030303030303264303130303030303730303030303030633030303030303037303030303030316330313030303030363039303030303632303730303030343830333030303031613034303030306466303230303030656330343030303032373036303030306231303330303030323730363030303063623037303030303535303530303030303030303030303030313030303030303838313630303030393330653030303030303030303030303034303030303030303430303030303030323030303030303032303030303030316330313030303066353061303030303030303030303030303130303030303033393133303030306330303730303030303030303030303030323030303030303032303030303030303230303030303030323030303030303163303130303030303630393030303030313030303030303030303030303030333931333030303033343033303030303030303030303030303030303030303030303030303030303032303030303030303230303030303031633031303030303036303930303030303030303030303030303030303030306431333130303030303932333030303030303030303030303030303030303030306430303030303030343030303030303034303030303030316330313030303030363039303030306161306130303030393030363030303037383536333431323034303030303030353630303030303030313030303030303031303030303030306230303030303030303030303030303031303030303030303230303030303030333030303030303034303030303030303530303030303030363030303030303037303030303030303830303030303030393030303030303061303030303030303430303030303036343030363230303666303030303030303730303030303034663030373230303634303036353030373230303733303030303030222F3E3C2F636F6E74726F6C3E3C6C61796F75746F626A6563743E3C646473786D6C6F626A3E3C70726F7065727479206E616D653D224163746976655461626C65566965774D6F6465222076616C75653D22312220766172747970653D2238222F3E3C70726F7065727479206E616D653D225461626C65566965774D6F64653A30222076616C75653D22342C302C3238342C302C323331302C312C313839302C352C313236302220766172747970653D2238222F3E3C70726F7065727479206E616D653D225461626C65566965774D6F64653A31222076616C75653D22322C302C3238342C302C323830352220766172747970653D2238222F3E3C70726F7065727479206E616D653D225461626C65566965774D6F64653A32222076616C75653D22322C302C3238342C302C323331302220766172747970653D2238222F3E3C70726F7065727479206E616D653D225461626C65566965774D6F64653A33222076616C75653D22322C302C3238342C302C323331302220766172747970653D2238222F3E3C70726F7065727479206E616D653D225461626C65566965774D6F64653A34222076616C75653D22342C302C3238342C302C323331302C31322C323733302C31312C313638302220766172747970653D2238222F3E3C2F646473786D6C6F626A3E3C2F6C61796F75746F626A6563743E3C73686170652067726F7570736861706569643D2230222067726F75706E6F64653D2230222F3E3C2F646473636F6E74726F6C3E3C646473636F6E74726F6C2073656D616E746963636F6F6B69653D22303130303030303030313030303030303634303036323030366630303030303034363030346230303566303034663030373230303634303036353030373230303733303035663030343330303735303037333030373430303666303036643030363530303732303037333030303030302220636F6E74726F6C70726F6769643D224D534444532E506F6C796C696E652E3038302E312220746F6F6C7469703D2252656C6174696F6E736869702027464B5F4F72646572735F437573746F6D65727327206265747765656E2027437573746F6D6572732720616E6420274F72646572732722206C6566743D22363531382220746F703D223234343322206C6F676963616C69643D22342220636F6E74726F6C69643D223422206D617374657269643D2230222068696E74313D2230222068696E74323D2230222077696474683D223333383222206865696768743D223135333722206E6F726573697A653D223022206E6F6D6F76653D223022206E6F64656661756C74617474616368706F696E74733D223122206175746F647261673D2230222075736564656661756C7469646473686170653D2230222073656C65637461626C653D2231222073686F7773656C656374696F6E68616E646C65733D22302220616C6C6F776E756467696E673D223122206973616E6E6F746174696F6E3D22302220646F6E746175746F6C61796F75743D2230222067726F7570636F6C6C61707365643D2230222074616273746F703D2231222076697369626C653D22312220736E6170746F677269643D2230223E3C636F6E74726F6C3E3C646473786D6C6F626A3E3C706F6C796C696E6520656E64747970656473743D22302220656E64747970657372633D2232222075736572636F6C6F723D22313537393033323022206C696E657374796C653D223022206C696E6572656E6465723D22302220637573746F6D656E647479706564737469643D22302220637573746F6D656E647479706573726369643D2230222061646F726E7376697369626C653D2231223E3C61646F726E6D656E742070657263656E74706F733D2235302220636F6E74726F6C69643D2235222077696474683D223331313522206865696768743D223334342220736964653D223122206265686176696F723D2233222068696D65747269633D223137363622206469737466726F6D6C696E653D22313735222073746172746F626A3D22302220783D22383435392220793D2232363331222076697369626C653D22302220616C6C6F776F7665726C61703D2231222075736570657263656E743D2231222F3E3C2F706F6C796C696E653E3C2F646473786D6C6F626A3E3C2F636F6E74726F6C3E3C6C61796F75746F626A6563743E3C646473786D6C6F626A2F3E3C2F6C61796F75746F626A6563743E3C636F6E6E6563746F7220736F7572636569643D223122206465737469643D22332220736F75726365617474616368706F696E743D223837222064657374617474616368706F696E743D2231303222207365676D656E74656469746D6F64653D2230222062656E64706F696E74656469746D6F64653D2230222062656E64706F696E747669736962696C6974793D2230222072656C6174656469643D223022207669727475616C3D2230223E3C706F696E7420783D22363831382220793D2232383530222F3E3C706F696E7420783D22383238342220793D2232383530222F3E3C706F696E7420783D22383238342220793D2233363030222F3E3C706F696E7420783D22393630302220793D2233363030222F3E3C2F636F6E6E6563746F723E3C2F646473636F6E74726F6C3E3C646473636F6E74726F6C2073656D616E746963636F6F6B69653D22303138396438323532303839643832352220636F6E74726F6C70726F6769643D224D534444532E546578742E3038302E3122206C6566743D22383435392220746F703D223236333122206C6F676963616C69643D22352220636F6E74726F6C69643D223522206D617374657269643D2234222068696E74313D2230222068696E74323D2230222077696474683D223331313522206865696768743D2233343422206E6F726573697A653D223122206E6F6D6F76653D223022206E6F64656661756C74617474616368706F696E74733D223122206175746F647261673D2231222075736564656661756C7469646473686170653D2231222073656C65637461626C653D2231222073686F7773656C656374696F6E68616E646C65733D22312220616C6C6F776E756467696E673D223122206973616E6E6F746174696F6E3D22302220646F6E746175746F6C61796F75743D2231222067726F7570636F6C6C61707365643D2230222074616273746F703D2230222076697369626C653D22302220736E6170746F677269643D2230223E3C636F6E74726F6C3E3C646473786D6C6F626A65637473747265616D696E6974777261707065722062696E6172793D22303030323030303032623063303030303538303130303030303330303030303030303030303530303030383030383030303038303031303030303030313530303031303030303030393030313434343230313030303635343631363836663664363131333030343630303462303035663030346630303732303036343030363530303732303037333030356630303433303037353030373330303734303036663030366430303635303037323030373330303030303030303030222F3E3C2F636F6E74726F6C3E3C6C61796F75746F626A6563743E3C646473786D6C6F626A2F3E3C2F6C61796F75746F626A6563743E3C73686170652067726F7570736861706569643D2230222067726F75706E6F64653D2230222F3E3C2F646473636F6E74726F6C3E3C646473636F6E74726F6C2073656D616E746963636F6F6B69653D2230313030303065323031303030303030363430303632303036663030303030303436303034623030356630303466303037323030363430303635303037323030356630303530303037323030366630303634303037353030363330303734303035663030346630303732303036343030363530303732303037333030303030302220636F6E74726F6C70726F6769643D224D534444532E506F6C796C696E652E3038302E312220746F6F6C7469703D2252656C6174696F6E736869702027464B5F4F726465725F50726F647563745F4F726465727327206265747765656E20274F72646572732720616E6420274F726465725F50726F647563742722206C6566743D2231353036382220746F703D223139393322206C6F676963616C69643D22362220636F6E74726F6C69643D223622206D617374657269643D2230222068696E74313D2230222068696E74323D2230222077696474683D223431333222206865696768743D223435333722206E6F726573697A653D223022206E6F6D6F76653D223022206E6F64656661756C74617474616368706F696E74733D223122206175746F647261673D2230222075736564656661756C7469646473686170653D2230222073656C65637461626C653D2231222073686F7773656C656374696F6E68616E646C65733D22302220616C6C6F776E756467696E673D223122206973616E6E6F746174696F6E3D22302220646F6E746175746F6C61796F75743D2230222067726F7570636F6C6C61707365643D2230222074616273746F703D2231222076697369626C653D22312220736E6170746F677269643D2230223E3C636F6E74726F6C3E3C646473786D6C6F626A3E3C706F6C796C696E6520656E64747970656473743D22302220656E64747970657372633D2232222075736572636F6C6F723D22313537393033323022206C696E657374796C653D223022206C696E6572656E6465723D22302220637573746F6D656E647479706564737469643D22302220637573746F6D656E647479706573726369643D2230222061646F726E7376697369626C653D2231223E3C61646F726E6D656E742070657263656E74706F733D2234382E383732373835383239333037362220636F6E74726F6C69643D2237222077696474683D223336393122206865696768743D223334342220736964653D223122206265686176696F723D2233222068696D65747269633D223335353822206469737466726F6D6C696E653D22313735222073746172746F626A3D22302220783D2231363534332220793D2234343339222076697369626C653D22302220616C6C6F776F7665726C61703D2231222075736570657263656E743D2231222F3E3C2F706F6C796C696E653E3C2F646473786D6C6F626A3E3C2F636F6E74726F6C3E3C6C61796F75746F626A6563743E3C646473786D6C6F626A2F3E3C2F6C61796F75746F626A6563743E3C636F6E6E6563746F7220736F7572636569643D223322206465737469643D22322220736F75726365617474616368706F696E743D223837222064657374617474616368706F696E743D22383422207365676D656E74656469746D6F64653D2230222062656E64706F696E74656469746D6F64653D2230222062656E64706F696E747669736962696C6974793D2230222072656C6174656469643D223022207669727475616C3D2230223E3C706F696E7420783D2231353336382220793D2232343030222F3E3C706F696E7420783D2231363336382220793D2232343030222F3E3C706F696E7420783D2231363336382220793D2236313530222F3E3C706F696E7420783D2231383930302220793D2236313530222F3E3C2F636F6E6E6563746F723E3C2F646473636F6E74726F6C3E3C646473636F6E74726F6C2073656D616E746963636F6F6B69653D22303138646438323532303864643832352220636F6E74726F6C70726F6769643D224D534444532E546578742E3038302E3122206C6566743D2231363534332220746F703D223434333922206C6F676963616C69643D22372220636F6E74726F6C69643D223722206D617374657269643D2236222068696E74313D2230222068696E74323D2230222077696474683D223336393122206865696768743D2233343422206E6F726573697A653D223122206E6F6D6F76653D223022206E6F64656661756C74617474616368706F696E74733D223122206175746F647261673D2231222075736564656661756C7469646473686170653D2231222073656C65637461626C653D2231222073686F7773656C656374696F6E68616E646C65733D22312220616C6C6F776E756467696E673D223122206973616E6E6F746174696F6E3D22302220646F6E746175746F6C61796F75743D2231222067726F7570636F6C6C61707365643D2230222074616273746F703D2230222076697369626C653D22302220736E6170746F677269643D2230223E3C636F6E74726F6C3E3C646473786D6C6F626A65637473747265616D696E6974777261707065722062696E6172793D2230303032303030303662306530303030353830313030303030333030303030303030303066666666666630303038303030303830303130303030303031353030303130303030303039303031343434323031303030363534363136383666366436313137303034363030346230303566303034663030373230303634303036353030373230303566303035303030373230303666303036343030373530303633303037343030356630303466303037323030363430303635303037323030373330303030303030303030222F3E3C2F636F6E74726F6C3E3C6C61796F75746F626A6563743E3C646473786D6C6F626A2F3E3C2F6C61796F75746F626A6563743E3C73686170652067726F7570736861706569643D2230222067726F75706E6F64653D2230222F3E3C2F646473636F6E74726F6C3E3C646473636F6E74726F6C20636F6E74726F6C70726F6769643D227B36323341433037352D324337372D343837332D383833442D3933304234333634423442437D2220746F6F6C7469703D2250726F6475637422206C6566743D2232363235302220746F703D223333303022206C6F676963616C69643D22382220636F6E74726F6C69643D223822206D617374657269643D2230222068696E74313D2230222068696E74323D2230222077696474683D223537363822206865696768743D223337333122206E6F726573697A653D223022206E6F6D6F76653D223022206E6F64656661756C74617474616368706F696E74733D223022206175746F647261673D2230222075736564656661756C7469646473686170653D2230222073656C65637461626C653D2231222073686F7773656C656374696F6E68616E646C65733D22302220616C6C6F776E756467696E673D223122206973616E6E6F746174696F6E3D22302220646F6E746175746F6C61796F75743D2230222067726F7570636F6C6C61707365643D2230222074616273746F703D2231222076697369626C653D22312220736E6170746F677269643D2231223E3C636F6E74726F6C3E3C646473786D6C6F626A65637473747265616D696E6974777261707065722062696E6172793D22323134333334313230383030303030303838313630303030393330653030303037383536333431323037303030303030313430313030303035303030373230303666303036343030373530303633303037343030303030303030303030303030663463313362303030303030303030306130343362653235303030303030303030303030303030303030303030303030373838343937323530303030303030303064303030303030303030303030303030306430333337303030313030303030306430303030303030303030303030303730643233333730303230303030303030303030303030303030303030303030303062303034303030303030303030306666666666666666303030303030303034333030336130303563303035303030373230303666303036373030373230303631303036643030323030303436303036393030366330303635303037333030323030303238303037383030333830303336303032393030356330303464303036393030363330303732303036663030373330303666303036363030373430303230303035333030353130303463303032303030353330303635303037323030373630303635303037323030323030303464303036313030366530303631303036373030363530303664303036353030366530303734303032303030353330303734303037353030363430303639303036663030323030303331303033383030356330303030303030303030303030303030303030303030303130303030303030353030303030303534303030303030326330303030303032633030303030303263303030303030333430303030303030303030303030303030303030303030323232393030303036353135303030303030303030303030326430313030303030373030303030303063303030303030303730303030303031633031303030303036303930303030363230373030303034383033303030303161303430303030646630323030303065633034303030303237303630303030623130333030303032373036303030306362303730303030353530353030303030303030303030303031303030303030383831363030303039333065303030303030303030303030303430303030303030343030303030303032303030303030303230303030303031633031303030306635306130303030303030303030303030313030303030303339313330303030376130353030303030303030303030303031303030303030303130303030303030323030303030303032303030303030316330313030303030363039303030303031303030303030303030303030303033393133303030303334303330303030303030303030303030303030303030303030303030303030303230303030303030323030303030303163303130303030303630393030303030303030303030303030303030303030643133313030303030393233303030303030303030303030303030303030303030643030303030303034303030303030303430303030303031633031303030303036303930303030616130613030303039303036303030303738353633343132303430303030303035383030303030303031303030303030303130303030303030623030303030303030303030303030303130303030303030323030303030303033303030303030303430303030303030353030303030303036303030303030303730303030303030383030303030303039303030303030306130303030303030343030303030303634303036323030366630303030303030383030303030303530303037323030366630303634303037353030363330303734303030303030222F3E3C2F636F6E74726F6C3E3C6C61796F75746F626A6563743E3C646473786D6C6F626A3E3C70726F7065727479206E616D653D224163746976655461626C65566965774D6F6465222076616C75653D22312220766172747970653D2238222F3E3C70726F7065727479206E616D653D225461626C65566965774D6F64653A30222076616C75653D22342C302C3238342C302C323331302C312C313839302C352C313236302220766172747970653D2238222F3E3C70726F7065727479206E616D653D225461626C65566965774D6F64653A31222076616C75653D22322C302C3238342C302C323830352220766172747970653D2238222F3E3C70726F7065727479206E616D653D225461626C65566965774D6F64653A32222076616C75653D22322C302C3238342C302C323331302220766172747970653D2238222F3E3C70726F7065727479206E616D653D225461626C65566965774D6F64653A33222076616C75653D22322C302C3238342C302C323331302220766172747970653D2238222F3E3C70726F7065727479206E616D653D225461626C65566965774D6F64653A34222076616C75653D22342C302C3238342C302C323331302C31322C323733302C31312C313638302220766172747970653D2238222F3E3C2F646473786D6C6F626A3E3C2F6C61796F75746F626A6563743E3C73686170652067726F7570736861706569643D2230222067726F75706E6F64653D2230222F3E3C2F646473636F6E74726F6C3E3C646473636F6E74726F6C2073656D616E746963636F6F6B69653D223031343865653733303130303030303036343030363230303666303030303030343630303462303035663030346630303732303036343030363530303732303035663030353030303732303036663030363430303735303036333030373430303566303035303030373230303666303036343030373530303633303037343030303030302220636F6E74726F6C70726F6769643D224D534444532E506F6C796C696E652E3038302E312220746F6F6C7469703D2252656C6174696F6E736869702027464B5F4F726465725F50726F647563745F50726F6475637427206265747765656E202750726F647563742720616E6420274F726465725F50726F647563742722206C6566743D2232343336382220746F703D223339343322206C6F676963616C69643D22392220636F6E74726F6C69643D223922206D617374657269643D2230222068696E74313D2230222068696E74323D2230222077696474683D223231383222206865696768743D223435333722206E6F726573697A653D223022206E6F6D6F76653D223022206E6F64656661756C74617474616368706F696E74733D223122206175746F647261673D2230222075736564656661756C7469646473686170653D2230222073656C65637461626C653D2231222073686F7773656C656374696F6E68616E646C65733D22302220616C6C6F776E756467696E673D223122206973616E6E6F746174696F6E3D22302220646F6E746175746F6C61796F75743D2230222067726F7570636F6C6C61707365643D2230222074616273746F703D2231222076697369626C653D22312220736E6170746F677269643D2230223E3C636F6E74726F6C3E3C646473786D6C6F626A3E3C706F6C796C696E6520656E64747970656473743D22302220656E64747970657372633D2232222075736572636F6C6F723D22313537393033323022206C696E657374796C653D223022206C696E6572656E6465723D22302220637573746F6D656E647479706564737469643D22302220637573746F6D656E647479706573726369643D2230222061646F726E7376697369626C653D2231223E3C61646F726E6D656E742070657263656E74706F733D2235302220636F6E74726F6C69643D223130222077696474683D223338303722206865696768743D223334342220736964653D223022206265686176696F723D2233222068696D65747269633D223236363622206469737466726F6D6C696E653D22313735222073746172746F626A3D22302220783D2232313038362220793D2235333135222076697369626C653D22302220616C6C6F776F7665726C61703D2231222075736570657263656E743D2231222F3E3C2F706F6C796C696E653E3C2F646473786D6C6F626A3E3C2F636F6E74726F6C3E3C6C61796F75746F626A6563743E3C646473786D6C6F626A2F3E3C2F6C61796F75746F626A6563743E3C636F6E6E6563746F7220736F7572636569643D223822206465737469643D22322220736F75726365617474616368706F696E743D223836222064657374617474616368706F696E743D2231313122207365676D656E74656469746D6F64653D2230222062656E64706F696E74656469746D6F64653D2230222062656E64706F696E747669736962696C6974793D2230222072656C6174656469643D223022207669727475616C3D2230223E3C706F696E7420783D2232363235302220793D2234333530222F3E3C706F696E7420783D2232353036382220793D2234333530222F3E3C706F696E7420783D2232353036382220793D2238313030222F3E3C706F696E7420783D2232343636382220793D2238313030222F3E3C2F636F6E6E6563746F723E3C2F646473636F6E74726F6C3E3C646473636F6E74726F6C2073656D616E746963636F6F6B69653D22303138646438323565303864643832352220636F6E74726F6C70726F6769643D224D534444532E546578742E3038302E3122206C6566743D2232313038362220746F703D223533313522206C6F676963616C69643D2231302220636F6E74726F6C69643D22313022206D617374657269643D2239222068696E74313D2230222068696E74323D2230222077696474683D223338303722206865696768743D2233343422206E6F726573697A653D223122206E6F6D6F76653D223022206E6F64656661756C74617474616368706F696E74733D223122206175746F647261673D2231222075736564656661756C7469646473686170653D2231222073656C65637461626C653D2231222073686F7773656C656374696F6E68616E646C65733D22312220616C6C6F776E756467696E673D223122206973616E6E6F746174696F6E3D22302220646F6E746175746F6C61796F75743D2231222067726F7570636F6C6C61707365643D2230222074616273746F703D2230222076697369626C653D22302220736E6170746F677269643D2230223E3C636F6E74726F6C3E3C646473786D6C6F626A65637473747265616D696E6974777261707065722062696E6172793D223030303230303030646630653030303035383031303030303033303030303030303030306666666666663030303830303030383030313030303030303135303030313030303030303930303134343432303130303036353436313638366636643631313830303436303034623030356630303466303037323030363430303635303037323030356630303530303037323030366630303634303037353030363330303734303035663030353030303732303036663030363430303735303036333030373430303030303030303030222F3E3C2F636F6E74726F6C3E3C6C61796F75746F626A6563743E3C646473786D6C6F626A2F3E3C2F6C61796F75746F626A6563743E3C73686170652067726F7570736861706569643D2230222067726F75706E6F64653D2230222F3E3C2F646473636F6E74726F6C3E3C2F6464733E0D0A0000000000000000000000000000000000000000000000000000000000000000000000000000000000000000000000000000000000000000000000000000000000000000000000000000000000000000000000000000000000000000000000000000000000000000000000000000000000000000000000000000000000000000000000000000000000000000000000000000000000000000000000000000000000000000000000000000000000000000000000000000000000000000000000000000000000000000000000000000000000000000000000000000000000000000000000000000000000000000000000000000000000000000000000000000000000000000000000000000000000000000000000000000000000000000000000000000000000000000000000000000000000000000000000000000000000000000000000000000000000000000000000000000000000000000000000000000000000000000000000000000FEFFFFFF02000000030000000400000005000000060000000700000008000000090000000A0000000B0000000C0000000D000000FEFFFFFFFEFFFFFFFFFFFFFFFFFFFFFFFFFFFFFFFFFFFFFFFFFFFFFFFFFFFFFFFFFFFFFFFFFFFFFFFFFFFFFFFFFFFFFFFFFFFFFFFFFFFFFFFFFFFFFFFFFFFFFFFFFFFFFFFFFFFFFFFFFFFFFFFFFFFFFFFFFFFFFFFFFFFFFFFFFFFFFFFFFFFFFFFFFFFFFFFFFFFFFFFFFFFFFFFFFFFFFFFFFFFFFFFFFFFFFFFFFFFFFFFFFFFFFFFFFFFFFFFFFFFFFFFFFFFFFFFFFFFFFFFFFFFFFFFFFFFFFFFFFFFFFFFFFFFFFFFFFFFFFFFFFFFFFFFFFFFFFFFFFFFFFFFFFFFFFFFFFFFFFFFFFFFFFFFFFFFFFFFFFFFFFFFFFFFFFFFFFFFFFFFFFFFFFFFFFFFFFFFFFFFFFFFFFFFFFFFFFFFFFFFFFFFFFFFFFFFFFFFFFFFFFFFFFFFFFFFFFFFFFFFFFFFFFFFFFFFFFFFFFFFFFFFFFFFFFFFFFFFFFFFFFFFFFFFFFFFFFFFFFFFFFFFFFFFFFFFFFFFFFFFFFFFFFFFFFFFFFFFFFFFFFFFFFFFFFFFFFFFFFFFFFFFFFFFFFFFFFFFFFFFFFFFFFFFFFFFFFFFFFFFFFFFFFFFFFFFFFFFFFFFFFFFFFFFFFFFFFFFFFFFFFFFFFFFFFFFFFFFFFFFFFFFFFFFFFFFFFFFFFFFFFFFFFFFFFFFFFFFFFFFFFFFFFFFFFFFFFFFFFFFFFFFFFFFFFFFFFFFFFFFFFFFFFFFFFFFFFFFFFFFFFFFFFFFFFFFFFFFFFFFFFFFFFFFFFFFFFFFFFFFFFFFFFFFFFFFFFFFFFFFFFFFFFFFFFFFFFFFFFFFFFFFFFFFFFFFFFFFFFFFFFFFFFFFFFF010003000000000000000C0000000B0000004E61BC00000000000000000000000000000000000000000000000000000000000000000000000000000000000000DBE6B0E91C81D011AD5100A0C90F573900000200D0AFE5ABE83AD801020200001048450000000000000000000000000000000000C60100004400610074006100200053006F0075007200630065003D004B0045005600530054005200410054002D0041004C00490045004E0057003B0049006E0069007400690061006C00200043006100740061006C006F0067003D004B00430043003B0049006E00740065006700720061007400650064002000530065006300750072006900740079003D0054007200750065003B004D0075006C007400690070006C00650041006300740069007600650052006500730075006C00740053006500740073003D00460061006C00730065003B0043006F006E006E006500630074002000540069006D0065006F00750074003D00330030003B0054007200750073007400530065007200760065007200430065007200740069006600690063006100740065003D00460061006C00730065003B005000610063006B00650074002000530069007A0065003D0034003000390036003B004100700070006C00690063006100740069006F006E0020004E0061006D0065003D0022004D006900630072006F0073006F00660074002000530051004C00200053006500720076006500720020004D0061006E006100670065006D0065006E0074002000530074007500640069006F002200000000800500100000004400690061006700720061006D000000000226001400000043007500730074006F006D00650072007300000008000000640062006F000000000226001C0000004F0072006400650072005F00500072006F006400750063007400000008000000640062006F000000000226000E0000004F0072006400650072007300000008000000640062006F0000000002240010000000500072006F006400750063007400000008000000640062006F00000001000000D68509B3BB6BF2459AB8371664F0327008004E0000007B00310036003300340043004400440037002D0030003800380038002D0034003200450033002D0039004600410032002D004200360044003300320035003600330042003900310044007D000000000000000000000000000000000000000000000000000000000000000000000000000000010003000000000000000C0000000B000000000000000000000000000000000000000000000000000000000000000000000000000000000000000000000000000000000000000000000000000000000000000000000000000000000000000000000000000000000000000000000000000000000000000000000000000000000053006300680065006D00610020005500440056002000440065006600610075006C007400200050006F007300740020005600360000000000000000000000000036000200FFFFFFFFFFFFFFFFFFFFFFFF0000000000000000000000000000000000000000000000000000000000000000000000000E00000012000000000000000000000000000000000000000000000000000000000000000000000000000000000000000000000000000000000000000000000000000000000000000000000000000000FFFFFFFFFFFFFFFFFFFFFFFF0000000000000000000000000000000000000000000000000000000000000000000000000000000000000000000000000000000000000000000000000000000000000000000000000000000000000000000000000000000000000000000000000000000000000000000000000000000000000000FFFFFFFFFFFFFFFFFFFFFFFF0000000000000000000000000000000000000000000000000000000000000000000000000000000000000000000000000000000000000000000000000000000000000000000000000000000000000000000000000000000000000000000000000000000000000000000000000000000000000000FFFFFFFFFFFFFFFFFFFFFFFF00000000000000000000000000000000000000000000000000000000000000000000000000000000000000000000000062885214');
/*!40000 ALTER TABLE `dbo.sysdiagrams` ENABLE KEYS */;
UNLOCK TABLES;
/*!40103 SET TIME_ZONE=@OLD_TIME_ZONE */;

/*!40101 SET SQL_MODE=@OLD_SQL_MODE */;
/*!40014 SET FOREIGN_KEY_CHECKS=@OLD_FOREIGN_KEY_CHECKS */;
/*!40014 SET UNIQUE_CHECKS=@OLD_UNIQUE_CHECKS */;
/*!40101 SET CHARACTER_SET_CLIENT=@OLD_CHARACTER_SET_CLIENT */;
/*!40101 SET CHARACTER_SET_RESULTS=@OLD_CHARACTER_SET_RESULTS */;
/*!40101 SET COLLATION_CONNECTION=@OLD_COLLATION_CONNECTION */;
/*!40111 SET SQL_NOTES=@OLD_SQL_NOTES */;

-- Dump completed on 2022-12-29 11:52:08
